area,subarea,colorr,colorg,colorb,bmp_minx,bmp_minz,bmp_maxx,bmp_maxz,minx,minz,maxx,maxz,convex
int,int,int,int,int,float,float,float,float,float,float,float,float,string
0,0,0,0,64,-62.45555,-65.09967,61.44041,65.09966,-46.27438,-59.18152,-3.125631,-13.01851,{-4.46|-18.8};{-11.5|-19.7};{-35|-46};{-40|-59};
1,0,0,0,128,-62.45555,-65.09967,61.44041,65.09966,-56.82391,-45.80153,-29.75611,-12.37848,{-31.29|-18.12};{-36.6|-12.89};{-56.7|-40.7};{-51.7|-43.4};
2,0,0,0,192,-62.45555,-65.09967,61.44041,65.09966,30.77122,13.63194,55.80878,44.54806,{33.7|20.24};{38|14.53};{54.96|39.77};{50.87|41.8};
3,0,0,64,0,-62.45555,-65.09967,61.44041,65.09966,3.125628,13.01849,46.27438,59.18151,{4.34|19.05};{11.5|19.7};{35|46};{40.43|58.86};
